<?xml version="1.0" encoding="UTF-8"?>
<definitions xmlns="http://www.omg.org/spec/BPMN/20100524/MODEL" xmlns:xsi="http://www.w3.org/2001/XMLSchema-instance" xmlns:xsd="http://www.w3.org/2001/XMLSchema" xmlns:activiti="http://activiti.org/bpmn" xmlns:bpmndi="http://www.omg.org/spec/BPMN/20100524/DI" xmlns:omgdc="http://www.omg.org/spec/DD/20100524/DC" xmlns:omgdi="http://www.omg.org/spec/DD/20100524/DI" typeLanguage="http://www.w3.org/2001/XMLSchema" expressionLanguage="http://www.w3.org/1999/XPath" targetNamespace="http://www.activiti.org/test">
  <process id="expenseProcess" name="The new and shiny expense process" isExecutable="true">
    <startEvent id="startevent1" name="Start"></startEvent>
    <userTask id="usertask1" name="Request refund" activiti:assignee="kermit"></userTask>
    <parallelGateway id="parallelgateway1" name="Parallel Gateway"></parallelGateway>
    <userTask id="usertask2" name="Handle request" activiti:candidateGroups="accountancy">
      <documentation>${employee} has requested a refund of ${amount} Euro</documentation>
    </userTask>
    <sequenceFlow id="flow1" sourceRef="startevent1" targetRef="usertask1"></sequenceFlow>
    <sequenceFlow id="flow2" sourceRef="usertask1" targetRef="parallelgateway1"></sequenceFlow>
    <sequenceFlow id="flow3" sourceRef="parallelgateway1" targetRef="usertask2"></sequenceFlow>
    <userTask id="usertask3" name="Handle request" activiti:candidateGroups="Management"></userTask>
    <serviceTask id="mailtask1" name="Mail Task" activiti:type="mail">
      <extensionElements>
        <activiti:field name="to">
          <activiti:string><![CDATA[management@alfresco.com]]></activiti:string>
        </activiti:field>
        <activiti:field name="from">
          <activiti:string><![CDATA[expenses@activiti.org]]></activiti:string>
        </activiti:field>
        <activiti:field name="subject">
          <activiti:string><![CDATA[You have work to do]]></activiti:string>
        </activiti:field>
        <activiti:field name="html">
          <activiti:expression><![CDATA[${employee} has requested a refund]]></activiti:expression>
        </activiti:field>
      </extensionElements>
    </serviceTask>
    <sequenceFlow id="flow4" sourceRef="parallelgateway1" targetRef="mailtask1"></sequenceFlow>
    <sequenceFlow id="flow5" sourceRef="mailtask1" targetRef="usertask3"></sequenceFlow>
    <parallelGateway id="parallelgateway2" name="Parallel Gateway"></parallelGateway>
    <sequenceFlow id="flow6" sourceRef="usertask3" targetRef="parallelgateway2"></sequenceFlow>
    <sequenceFlow id="flow7" sourceRef="usertask2" targetRef="parallelgateway2"></sequenceFlow>
    <endEvent id="endevent1" name="End"></endEvent>
    <sequenceFlow id="flow8" sourceRef="parallelgateway2" targetRef="endevent1"></sequenceFlow>
  </process>
  <bpmndi:BPMNDiagram id="BPMNDiagram_expenseProcess">
    <bpmndi:BPMNPlane bpmnElement="expenseProcess" id="BPMNPlane_expenseProcess">
      <bpmndi:BPMNShape bpmnElement="startevent1" id="BPMNShape_startevent1">
        <omgdc:Bounds height="35.0" width="35.0" x="120.0" y="180.0"></omgdc:Bounds>
      </bpmndi:BPMNShape>
      <bpmndi:BPMNShape bpmnElement="usertask1" id="BPMNShape_usertask1">
        <omgdc:Bounds height="71.0" width="141.0" x="220.0" y="162.0"></omgdc:Bounds>
      </bpmndi:BPMNShape>
      <bpmndi:BPMNShape bpmnElement="parallelgateway1" id="BPMNShape_parallelgateway1">
        <omgdc:Bounds height="40.0" width="40.0" x="430.0" y="177.0"></omgdc:Bounds>
      </bpmndi:BPMNShape>
      <bpmndi:BPMNShape bpmnElement="usertask2" id="BPMNShape_usertask2">
        <omgdc:Bounds height="71.0" width="145.0" x="570.0" y="240.0"></omgdc:Bounds>
      </bpmndi:BPMNShape>
      <bpmndi:BPMNShape bpmnElement="usertask3" id="BPMNShape_usertask3">
        <omgdc:Bounds height="75.0" width="145.0" x="714.0" y="80.0"></omgdc:Bounds>
      </bpmndi:BPMNShape>
      <bpmndi:BPMNShape bpmnElement="mailtask1" id="BPMNShape_mailtask1">
        <omgdc:Bounds height="55.0" width="105.0" x="530.0" y="90.0"></omgdc:Bounds>
      </bpmndi:BPMNShape>
      <bpmndi:BPMNShape bpmnElement="parallelgateway2" id="BPMNShape_parallelgateway2">
        <omgdc:Bounds height="40.0" width="40.0" x="970.0" y="190.0"></omgdc:Bounds>
      </bpmndi:BPMNShape>
      <bpmndi:BPMNShape bpmnElement="endevent1" id="BPMNShape_endevent1">
        <omgdc:Bounds height="35.0" width="35.0" x="1055.0" y="193.0"></omgdc:Bounds>
      </bpmndi:BPMNShape>
      <bpmndi:BPMNEdge bpmnElement="flow1" id="BPMNEdge_flow1">
        <omgdi:waypoint x="155.0" y="197.0"></omgdi:waypoint>
        <omgdi:waypoint x="220.0" y="197.0"></omgdi:waypoint>
      </bpmndi:BPMNEdge>
      <bpmndi:BPMNEdge bpmnElement="flow2" id="BPMNEdge_flow2">
        <omgdi:waypoint x="361.0" y="197.0"></omgdi:waypoint>
        <omgdi:waypoint x="430.0" y="197.0"></omgdi:waypoint>
      </bpmndi:BPMNEdge>
      <bpmndi:BPMNEdge bpmnElement="flow3" id="BPMNEdge_flow3">
        <omgdi:waypoint x="450.0" y="217.0"></omgdi:waypoint>
        <omgdi:waypoint x="450.0" y="275.0"></omgdi:waypoint>
        <omgdi:waypoint x="570.0" y="275.0"></omgdi:waypoint>
      </bpmndi:BPMNEdge>
      <bpmndi:BPMNEdge bpmnElement="flow4" id="BPMNEdge_flow4">
        <omgdi:waypoint x="450.0" y="177.0"></omgdi:waypoint>
        <omgdi:waypoint x="450.0" y="117.0"></omgdi:waypoint>
        <omgdi:waypoint x="530.0" y="117.0"></omgdi:waypoint>
      </bpmndi:BPMNEdge>
      <bpmndi:BPMNEdge bpmnElement="flow5" id="BPMNEdge_flow5">
        <omgdi:waypoint x="635.0" y="117.0"></omgdi:waypoint>
        <omgdi:waypoint x="714.0" y="117.0"></omgdi:waypoint>
      </bpmndi:BPMNEdge>
      <bpmndi:BPMNEdge bpmnElement="flow6" id="BPMNEdge_flow6">
        <omgdi:waypoint x="859.0" y="117.0"></omgdi:waypoint>
        <omgdi:waypoint x="990.0" y="117.0"></omgdi:waypoint>
        <omgdi:waypoint x="990.0" y="190.0"></omgdi:waypoint>
      </bpmndi:BPMNEdge>
      <bpmndi:BPMNEdge bpmnElement="flow7" id="BPMNEdge_flow7">
        <omgdi:waypoint x="715.0" y="275.0"></omgdi:waypoint>
        <omgdi:waypoint x="990.0" y="275.0"></omgdi:waypoint>
        <omgdi:waypoint x="990.0" y="230.0"></omgdi:waypoint>
      </bpmndi:BPMNEdge>
      <bpmndi:BPMNEdge bpmnElement="flow8" id="BPMNEdge_flow8">
        <omgdi:waypoint x="1010.0" y="210.0"></omgdi:waypoint>
        <omgdi:waypoint x="1055.0" y="210.0"></omgdi:waypoint>
      </bpmndi:BPMNEdge>
    </bpmndi:BPMNPlane>
  </bpmndi:BPMNDiagram>
</definitions>